{
  "type": "minecraft:chest",
  "pools": [
    {
      "rolls": 1,
      "entries": [
        {
          "type": "minecraft:item",
          "name": "minecraft:chest",
          "functions": [
            {
              "function": "minecraft:set_nbt",
              "tag": "{BlockEntityTag:{LootTable:\"gd:chests/old_worn_box\"},display:{Name:'[{\"text\":\"Old Worn Box\",\"italic\":false,\"color\":\"#336633\"}]',Lore:['[{\"text\":\"Contains basic loot and a map\",\"italic\":false,\"color\":\"gray\"}]','[{\"text\":\"to Direwood Keep.\",\"italic\":false,\"color\":\"gray\"}]']}}"
            }
          ]
        }
      ]
    },
    {
      "rolls": 1,
      "entries": [
        {
          "type": "minecraft:item",
          "name": "minecraft:leather_chestplate",
          "functions": [
            {
              "function": "minecraft:set_nbt",
              "tag": "{display:{Name:'[\"\",{\"text\":\"Fayed Tunic\",\"italic\":false,\"color\":\"#663399\"}]'},Enchantments:[{lvl:10,id:fire_protection},{lvl:10,id:unbreaking}],AttributeModifiers:[{AttributeName:\"generic.luck\",Amount:2,Slot:chest,Name:\"generic.luck\",UUID:[I;-124421,27678,163025,-55356]}]}"
            }
          ]
        }
      ]
    },
    {
      "rolls": 1,
      "entries": [
        {
          "type": "minecraft:item",
          "name": "minecraft:warped_fungus_on_a_stick",
          "functions": [
            {
              "function": "minecraft:set_nbt",
              "tag": "{wither_skull_staff:1b,display:{Name:'[{\"text\":\"Cursed Bonecaller\",\"italic\":false,\"color\":\"#330066\"}]',Lore:['[{\"text\":\"Conjures a wither skull around\",\"italic\":false,\"color\":\"gray\"}]','[{\"text\":\"the caster.\",\"italic\":false,\"color\":\"gray\"}]']}}"
            }
          ]
        }
      ]
    },
    {
      "rolls": 1,
      "entries": [
        {
          "type": "minecraft:item",
          "name": "minecraft:totem_of_undying",
          "functions": [
            {
              "function": "minecraft:set_count",
              "count": 2
            }
          ]
        }
      ]
    },
    {
      "rolls": 3,
      "entries": [
        {
          "type": "minecraft:item",
          "name": "minecraft:barrel",
          "functions": [
            {
              "function": "minecraft:set_nbt",
              "tag": "{BlockEntityTag:{LootTable:\"gd:chests/potions\"},display:{Name:'[{\"text\":\"Barrel full of various Potions\",\"italic\":false,\"color\":\"aqua\"}]'}}"
            }
          ]
        }
      ]
    }
  ]
}

