{
  "pools": [
    {
      "rolls": {
        "min": 4,
        "max": 9
      },
      "bonus_rolls": {
        "min": 0,
        "max": 0.5
      },
      "entries": [
        {
          "type": "item",
          "name": "minecraft:gold_nugget",
          "weight": 1,
          "quality": 8,
          "functions": [
            {
              "function": "set_nbt",
              "tag": "{gold_coin:1b,Enchantments:[{id:unbreaking,lvl:1}],HideFlags:1,display:{Name:'[{\"text\":\"Gold Coin\",\"color\":\"gold\"}]'}}"
            }
          ]
        },
        {
          "type": "item",
          "name": "minecraft:iron_nugget",
          "weight": 16,
          "functions": [
{
              "function": "set_count",
              "count": {
                "min": 1,
                "max": 5
              }
            },
            {
              "function": "set_nbt",
              "tag": "{silver_coin:1b,Enchantments:[{id:unbreaking,lvl:1}],HideFlags:1,display:{Name:'[{\"text\":\"Silver Coin\",\"color\":\"gray\"}]'}}"
            }
          ]
        }
      ]
    }
  ]
}