{
  "pools": [
    {
      "rolls": 1,
      "entries": [
        {
          "type": "item",
          "name": "minecraft:written_book",
          "weight": 100,
          "functions": [
            {
              "function": "set_nbt",
              "tag": "{pages:['{\"text\":\"Reinforcement of Heavy Greatswords:\\\\n\\\\n1x Heavy Greatsword\\\\n1x Dragonhead\\\\n1x Netherite Ingot\\\\n1x Smithing Tongs\\\\n\\\\nAll materials need to be put together on an anvil.\"}'],title:\"Reinforcement - Greatswords\",author:unknown,generation:1,display:{Lore:[\"Evoker's Heavy Greatsword\"]}}"
            }
          ]
        }
      ]
    }
  ]
}
