{
  "pools": [
    {
      "rolls": 1,
      "entries": [
        {
          "type": "item",
          "name": "minecraft:written_book",
          "weight": 100,
          "functions": [
            {
              "function": "set_nbt",
              "tag": "{pages:['{\"text\":\"Reinforcement of Heavy Crossbows:\\\\n\\\\n1x Ragnar\\'s Heavy Crossbow\\\\n64x Iron Ingot\\\\n1x Netherite Ingot\\\\n1x Fletcher\\'s Handsaw\\\\n\\\\nAll materials need to be put together on a fletching table.\"}'],title:\"Reinforcement - Heavy Crossbows\",author:unknown,generation:1,display:{Lore:[\"Ragnar's Heavy Crossbow\"]}}"
            }
          ]
        }
      ]
    }
  ]
}