{
  "pools": [
    {
      "rolls": 1,
      "entries": [
        {
          "type": "item",
          "name": "minecraft:written_book",
          "weight": 100,
          "functions": [
            {
              "function": "set_nbt",
              "tag": "{pages:['{\"text\":\"Reinforcement of Emberstone Sabatons:\\\\n\\\\n1x Rogue Emberstone Sabatons\\\\n48x Blaze Rods\\\\n1x Netherite Ingot\\\\n1x Smithing Hammer\\\\n\\\\nAll materials need to be put together on a smithing table.\"}'],title:\"Reinforcement - Emb. Sabatons\",author:unknown,generation:1,display:{Lore:[\"Rogue Emberstone Sabatons\"]}}"
            }
          ]
        }
      ]
    }
  ]
}