{
  "pools": [
    {
      "rolls": 1,
      "entries": [
        {
          "type": "item",
          "name": "minecraft:iron_axe",
          "weight": 1,
          "functions": [
            {
              "function": "set_nbt",
              "tag": "{handsaw:1b,tool:1b,display:{Name:'[{\"text\":\"Fletcher\\'s Handsaw\",\"italic\":false,\"color\":\"#993300\"}]',Lore:['[{\"text\":\"Used to reinforce bows and\",\"italic\":false,\"color\":\"gray\"}]','[{\"text\":\"crossbows from the Lands Beyond\",\"italic\":false,\"color\":\"gray\"}]']},Enchantments:[{id:unbreaking,lvl:5}],HideFlags:1}"
            }
          ]
        },
        {
          "type": "item",
          "name": "minecraft:shears",
          "weight": 1,
          "functions": [
            {
              "function": "set_nbt",
              "tag": "{tongs:1b,tool:1b,display:{Name:'[{\"text\":\"Smithing Tongs\",\"italic\":false,\"color\":\"#660033\"}]',Lore:['[{\"text\":\"Used to reinforce tools and\",\"italic\":false,\"color\":\"gray\"}]','[{\"text\":\"weapons from the Lands Beyond\",\"italic\":false,\"color\":\"gray\"}]']},Enchantments:[{id:unbreaking,lvl:5}],HideFlags:1}"
            }
          ]
        },
        {
          "type": "item",
          "name": "minecraft:iron_pickaxe",
          "weight": 1,
          "functions": [
            {
              "function": "set_nbt",
              "tag": "{hammer:1b,tool:1b,display:{Name:'[{\"text\":\"Smithing Hammer\",\"italic\":false,\"color\":\"#006666\"}]',Lore:['[{\"text\":\"Used to reinforce shields and\",\"italic\":false,\"color\":\"gray\"}]','[{\"text\":\"armor from the Lands Beyond\",\"italic\":false,\"color\":\"gray\"}]']},Enchantments:[{id:unbreaking,lvl:5}],HideFlags:1}"
            }
          ]
        }
      ]
    }
  ]
}