{
    "display": {
        "title": {
            "text": "They Called It a Mobgrinder",
            "bold": false,
            "italic": true,
            "color": "dark_purple"
        },
        "description": {
            "text": "Get Morbex Heavy Warbow",
		"color": "gray"
        },
        "icon": {
            "item": "minecraft:bow"
        },
        "frame": "goal",
        "show_toast": true,
        "announce_to_chat": true,
        "hidden": false
    },
    "criteria": {
        "warbow": {
            "trigger": "minecraft:inventory_changed",
            "conditions": {
                "items": [
                    {
                        "count": {
                            "min": 1,
                            "max": 1
                        },
                        "item": "minecraft:bow",
                        "nbt": "{warbow:1b}"
                    }
                ]
            }
        }
    },
    "parent": "gd:morbex"
}