{"stats":{"minecraft:killed":{"spore:inf_player":1},"minecraft:picked_up":{"minecraft:knowledge_book":1,"spore:mutated_fiber":2},"minecraft:dropped":{"minecraft:knowledge_book":1},"minecraft:custom":{"minecraft:jump":54,"minecraft:time_since_rest":2100,"minecraft:damage_dealt":207,"minecraft:damage_taken":300,"minecraft:leave_game":1,"minecraft:play_time":7093,"minecraft:walk_one_cm":15198,"minecraft:time_since_death":2623,"minecraft:deaths":1,"minecraft:sneak_time":1607,"minecraft:total_world_time":7093,"minecraft:mob_kills":1,"minecraft:drop":1,"minecraft:fall_one_cm":1332,"minecraft:fly_one_cm":604},"minecraft:used":{"soulslikeuniverse:dagger":7}},"DataVersion":3465}