{"stats":{"minecraft:killed":{"minecraft:silverfish":2},"minecraft:used":{"minecraft:knowledge_book":13,"epicfight:skillbook":4,"minecraft:ender_eye":11,"minecraft:skeleton_spawn_egg":2,"minecraft:wolf_spawn_egg":1,"minecraft:zombie_spawn_egg":1,"soulslikeuniverse:dagger":8,"soulslikeuniverse:estusflask":1},"minecraft:custom":{"minecraft:time_since_rest":18254,"minecraft:open_chest":2,"minecraft:crouch_one_cm":149,"minecraft:walk_one_cm":62513,"minecraft:sprint_one_cm":17671,"minecraft:play_time":18254,"minecraft:damage_taken":199,"minecraft:sneak_time":575,"minecraft:walk_under_water_one_cm":30140,"minecraft:mob_kills":2,"minecraft:jump":73,"minecraft:damage_dealt":191,"minecraft:leave_game":2,"minecraft:walk_on_water_one_cm":744,"minecraft:time_since_death":18254,"minecraft:total_world_time":18254,"minecraft:damage_resisted":10,"minecraft:fall_one_cm":211,"minecraft:fly_one_cm":152132},"minecraft:mined":{"minecraft:purple_carpet":1}},"DataVersion":3465}