{"stats":{"minecraft:custom":{"minecraft:jump":26,"minecraft:time_since_rest":2342,"minecraft:sprint_one_cm":11009,"minecraft:leave_game":2,"minecraft:play_time":2342,"minecraft:time_since_death":2342,"minecraft:walk_one_cm":15342,"minecraft:sneak_time":31,"minecraft:total_world_time":6196,"minecraft:drop":1,"minecraft:fly_one_cm":26524},"minecraft:dropped":{"weaponmaster:tutorialbook":1},"minecraft:used":{"world:leavesoak":1,"minecraft:grass_block":2,"world:dryadhousepayblock":1}},"DataVersion":3465}