{
  "name": "gd:s_dungeon_start",
  "fallback": "minecraft:empty",
  "elements": [
    {
      "weight": 1,
      "element": {
        "element_type": "minecraft:single_pool_element",
        "location": "gd:s_dungeon/dungeon1",
        "projection": "rigid",
        "processors": "gd:s_dungeon"
      }
    },{
      "weight": 1,
      "element": {
        "element_type": "minecraft:single_pool_element",
        "location": "gd:s_dungeon/dungeon5",
        "projection": "rigid",
        "processors": "gd:s_dungeon"
      }
    },{
      "weight": 1,
      "element": {
        "element_type": "minecraft:single_pool_element",
        "location": "gd:s_dungeon/dungeon9",
        "projection": "rigid",
        "processors": "gd:s_dungeon"
      }
    },{
      "weight": 1,
      "element": {
        "element_type": "minecraft:single_pool_element",
        "location": "gd:s_dungeon/dungeon13",
        "projection": "rigid",
        "processors": "gd:s_dungeon"
      }
    }
  ]
}
